[]{"event_type": "created", "is_directory": false, "path": "/home/bsm/bsm/test/example.txt", "timestamp": "2024-12-22T17:42:08.841070"}
{"event_type": "modified", "is_directory": true, "path": "/home/bsm/bsm/test", "timestamp": "2024-12-22T17:42:08.841169"}
{"event_type": "opened", "is_directory": false, "path": "/home/bsm/bsm/test/example.txt", "timestamp": "2024-12-22T17:42:08.841408"}
{"event_type": "modified", "is_directory": false, "path": "/home/bsm/bsm/test/example.txt", "timestamp": "2024-12-22T17:42:08.841457"}
{"event_type": "closed", "is_directory": false, "path": "/home/bsm/bsm/test/example.txt", "timestamp": "2024-12-22T17:42:08.841492"}
{"event_type": "modified", "is_directory": true, "path": "/home/bsm/bsm/test", "timestamp": "2024-12-22T17:42:08.841524"}
{"event_type": "opened", "is_directory": false, "path": "/home/bsm/bsm/test/example.txt", "timestamp": "2024-12-22T17:45:35.795934"}
{"event_type": "closed_no_write", "is_directory": false, "path": "/home/bsm/bsm/test/example.txt", "timestamp": "2024-12-22T17:45:35.801230"}
{"event_type": "opened", "is_directory": false, "path": "/home/bsm/bsm/test/example.txt", "timestamp": "2024-12-22T17:45:41.233576"}
{"event_type": "created", "is_directory": false, "path": "/home/bsm/bsm/test/.goutputstream-OQPBZ2", "timestamp": "2024-12-22T17:45:41.234189"}
{"event_type": "modified", "is_directory": true, "path": "/home/bsm/bsm/test", "timestamp": "2024-12-22T17:45:41.234267"}
{"event_type": "opened", "is_directory": false, "path": "/home/bsm/bsm/test/.goutputstream-OQPBZ2", "timestamp": "2024-12-22T17:45:41.234308"}
{"event_type": "modified", "is_directory": false, "path": "/home/bsm/bsm/test/.goutputstream-OQPBZ2", "timestamp": "2024-12-22T17:45:41.234369"}
{"event_type": "closed", "is_directory": false, "path": "/home/bsm/bsm/test/example.txt", "timestamp": "2024-12-22T17:45:41.234471"}
{"event_type": "modified", "is_directory": true, "path": "/home/bsm/bsm/test", "timestamp": "2024-12-22T17:45:41.235249"}
{"event_type": "modified", "is_directory": false, "path": "/home/bsm/bsm/test/.goutputstream-OQPBZ2", "timestamp": "2024-12-22T17:45:41.235644"}
{"event_type": "moved", "is_directory": false, "path": "/home/bsm/bsm/test/.goutputstream-OQPBZ2", "timestamp": "2024-12-22T17:45:41.238834"}
{"event_type": "modified", "is_directory": true, "path": "/home/bsm/bsm/test", "timestamp": "2024-12-22T17:45:41.238991"}
{"event_type": "closed", "is_directory": false, "path": "/home/bsm/bsm/test/example.txt", "timestamp": "2024-12-22T17:45:41.239051"}
{"event_type": "modified", "is_directory": true, "path": "/home/bsm/bsm/test", "timestamp": "2024-12-22T17:45:41.239095"}
{"event_type": "opened", "is_directory": false, "path": "/home/bsm/bsm/test/example.txt", "timestamp": "2024-12-22T18:29:57.406562"}
{"event_type": "closed_no_write", "is_directory": false, "path": "/home/bsm/bsm/test/example.txt", "timestamp": "2024-12-22T18:29:57.407058"}
{"event_type": "opened", "is_directory": false, "path": "/home/bsm/bsm/test/example.txt", "timestamp": "2024-12-22T19:19:55.704338"}
{"event_type": "created", "is_directory": false, "path": "/home/bsm/bsm/test/example (copy).txt", "timestamp": "2024-12-22T19:19:55.706298"}
{"event_type": "modified", "is_directory": true, "path": "/home/bsm/bsm/test", "timestamp": "2024-12-22T19:19:55.706392"}
{"event_type": "opened", "is_directory": false, "path": "/home/bsm/bsm/test/example (copy).txt", "timestamp": "2024-12-22T19:19:55.706435"}
{"event_type": "modified", "is_directory": false, "path": "/home/bsm/bsm/test/example (copy).txt", "timestamp": "2024-12-22T19:19:55.706469"}
{"event_type": "closed_no_write", "is_directory": false, "path": "/home/bsm/bsm/test/example.txt", "timestamp": "2024-12-22T19:19:55.706501"}
{"event_type": "closed", "is_directory": false, "path": "/home/bsm/bsm/test/example (copy).txt", "timestamp": "2024-12-22T19:19:55.706531"}
{"event_type": "modified", "is_directory": true, "path": "/home/bsm/bsm/test", "timestamp": "2024-12-22T19:19:55.706560"}
{"event_type": "modified", "is_directory": false, "path": "/home/bsm/bsm/test/example (copy).txt", "timestamp": "2024-12-22T19:19:55.706589"}
{"event_type": "deleted", "is_directory": false, "path": "/home/bsm/bsm/test/example (copy).txt", "timestamp": "2024-12-22T19:19:57.956798"}
{"event_type": "modified", "is_directory": true, "path": "/home/bsm/bsm/test", "timestamp": "2024-12-22T19:19:57.956912"}
{"event_type": "opened", "is_directory": false, "path": "/home/bsm/bsm/test/example.txt", "timestamp": "2024-12-22T19:28:01.799202"}
{"event_type": "closed_no_write", "is_directory": false, "path": "/home/bsm/bsm/test/example.txt", "timestamp": "2024-12-22T19:28:01.807717"}
{"event_type": "opened", "is_directory": false, "path": "/home/bsm/bsm/test/example.txt", "timestamp": "2024-12-22T19:28:19.144579"}
{"event_type": "created", "is_directory": false, "path": "/home/bsm/bsm/test/.goutputstream-RTF9Y2", "timestamp": "2024-12-22T19:28:19.145584"}
{"event_type": "modified", "is_directory": true, "path": "/home/bsm/bsm/test", "timestamp": "2024-12-22T19:28:19.145729"}
{"event_type": "opened", "is_directory": false, "path": "/home/bsm/bsm/test/.goutputstream-RTF9Y2", "timestamp": "2024-12-22T19:28:19.145781"}
{"event_type": "modified", "is_directory": false, "path": "/home/bsm/bsm/test/.goutputstream-RTF9Y2", "timestamp": "2024-12-22T19:28:19.145817"}
{"event_type": "closed", "is_directory": false, "path": "/home/bsm/bsm/test/example.txt", "timestamp": "2024-12-22T19:28:19.145851"}
{"event_type": "modified", "is_directory": true, "path": "/home/bsm/bsm/test", "timestamp": "2024-12-22T19:28:19.145883"}
{"event_type": "modified", "is_directory": false, "path": "/home/bsm/bsm/test/.goutputstream-RTF9Y2", "timestamp": "2024-12-22T19:28:19.147353"}
{"event_type": "moved", "is_directory": false, "path": "/home/bsm/bsm/test/.goutputstream-RTF9Y2", "timestamp": "2024-12-22T19:28:19.154653"}
{"event_type": "modified", "is_directory": true, "path": "/home/bsm/bsm/test", "timestamp": "2024-12-22T19:28:19.154748"}
{"event_type": "closed", "is_directory": false, "path": "/home/bsm/bsm/test/example.txt", "timestamp": "2024-12-22T19:28:19.154791"}
{"event_type": "modified", "is_directory": true, "path": "/home/bsm/bsm/test", "timestamp": "2024-12-22T19:28:19.154876"}
